shortlist_rank,candidate_id,source_dataset,source_table,source_column_or_measure,patient_or_stay_id_if_available,likely_fhir_resource,candidate_text_snippet,structured_value,unit_if_available,likely_numeric,needs_linked_context,complexity_guess,good_for_pairing,mapping_notes,review_notes,shortlist_reason,reviewer_priority,provisional_status
1,eicu-obs-0001,eICU-CRD (demo-equivalent),lab,Glucose,patientunitstayid=410001,Observation,glucose 188 mg/dL,188,mg/dL,true,false,low,true,Observation.valueQuantity candidate; retain source label for later code mapping.,Clean single-measure observation; good first-pass candidate.,Standalone numeric Observation with explicit unit and low context burden.,high,keep
2,mimic-obs-0003,MIMIC-IV (demo-equivalent),labevents,Sodium,subject_id=100003,Observation,Na 134 mEq/L,134,mEq/L,true,false,low,true,Observation.valueQuantity candidate; retain source label for later code mapping.,Clean single-measure observation; good first-pass candidate.,Standalone numeric Observation with explicit unit and low context burden.,high,keep
3,eicu-obs-0006,eICU-CRD (demo-equivalent),vitalperiodic,heartrate,patientunitstayid=410001,Observation,HR 118 bpm,118,bpm,true,false,low,true,Observation.valueQuantity candidate; retain source label for later code mapping.,Clean single-measure observation; good first-pass candidate.,Standalone numeric Observation with explicit unit and low context burden.,high,keep
4,eicu-obs-0007,eICU-CRD (demo-equivalent),vitalperiodic,systemicsystolic,patientunitstayid=410001,Observation,SBP 86 mmHg,86,mmHg,true,false,low,true,Observation.valueQuantity candidate; retain source label for later code mapping.,Clean single-measure observation; good first-pass candidate.,Standalone numeric Observation with explicit unit and low context burden.,high,keep
5,eicu-obs-0009,eICU-CRD (demo-equivalent),vitalperiodic,temperature,patientunitstayid=410001,Observation,Temp 38.4 C,38.4,C,true,false,low,true,Observation.valueQuantity candidate; retain source label for later code mapping.,Clean single-measure observation; good first-pass candidate.,Standalone numeric Observation with explicit unit and low context burden.,high,keep
6,eicu-obs-0002,eICU-CRD (demo-equivalent),lab,Potassium,patientunitstayid=410001,Observation,K 5.4 mmol/L,5.4,mmol/L,true,false,low,true,Observation.valueQuantity candidate; retain source label for later code mapping.,Clean single-measure observation; good first-pass candidate.,Standalone numeric Observation with explicit unit and low context burden.,high,keep
7,eicu-obs-0010,eICU-CRD (demo-equivalent),vitalperiodic,spo2,patientunitstayid=410001,Observation,SpO2 91 %,91,%,true,false,low,true,Observation.valueQuantity candidate; retain source label for later code mapping.,Clean single-measure observation; good first-pass candidate.,Standalone numeric Observation with explicit unit and low context burden.,high,keep
8,eicu-pat-0001,eICU-CRD (demo-equivalent),patient,basic_demographics,patientunitstayid=410001,Patient,71F,age=71|gender=F,,false,false,low,true,Patient demographic fragment only; avoid assuming more than age and sex.,Use sparingly so Observation-like candidates remain dominant.,Single sparse age/sex fragment retained to test minimal Patient handling without expanding scope.,low,maybe
9,eicu-cond-0001,eICU-CRD (demo-equivalent),diagnosis,diagnosis_text,patientunitstayid=410001,Condition,Dx: atrial fibrillation,Atrial fibrillation,,false,false,low,true,Condition.code candidate if the diagnosis string can be normalized later.,Keep Condition-like use rare and limited to explicit diagnoses.,Explicit low-ambiguity diagnosis kept as the lone conservative Condition review item.,medium,maybe
